nation,series,race_stats_url,race_name,race_date,race_list_index
BEL,CM,http://www.cxstats.com/uci-world-championships-zolder-resultats/,UCI WORLD CHAMPIONSHIPS - ZOLDER,16/1/31,1
NED,CDM,http://www.cxstats.com/uci-world-cup-7-hoogerheide-resultats/,UCI WORLD CUP #7 - HOOGERHEIDE,16/1/24,2
FRA,C2,http://www.cxstats.com/cyclo-cross-du-mingant-lanarvily-resultats/,CYCLO-CROSS DU MINGANT - LANARVILY,16/1/24,3
NED,C2,http://www.cxstats.com/internationale-cyclo-cross-rucphen-2016-resultats/,INTERNATIONALE CYCLO-CROSS RUCPHEN,16/1/23,4
FRA,CDM,http://www.cxstats.com/uci-world-cup-6-lignieres-resultats/,UCI WORLD CUP #6 - LIGNIÈRES,16/1/17,5
LUX,C2,http://www.cxstats.com/grand-prix-mobel-alvisse-leudelange-2016-resultats/,GRAND PRIX MÖBEL ALVISSE - LEUDELANGE,16/1/17,6
BEL,C2,http://www.cxstats.com/kasteelcross-zonnebeke-2016-resultats/,KASTEELCROSS - ZONNEBEKE,16/1/16,7
BEL,C2,http://www.cxstats.com/cyclocross-otegem-2016-resultats/,CYCLOCROSS OTEGEM,16/1/11,8
BEL,CN,http://www.cxstats.com/championnats-de-belgique-2016-resultats/,CHAMPIONNATS DE BELGIQUE,16/1/10,9
NED,CN,http://www.cxstats.com/championnats-des-pays-bas-2016-resultats/,CHAMPIONNATS DES PAYS-BAS,16/1/10,10
FRA,CN,http://www.cxstats.com/championnats-de-france-besancon-resultats/,CHAMPIONNATS DE FRANCE,16/1/10,11
GER,CN,http://www.cxstats.com/championnats-allemagne-2016-resultats/,CHAMPIONNATS D'ALLEMAGNE,16/1/10,12
ESP,CN,http://www.cxstats.com/championnats-espagne-2016-resultats/,CHAMPIONNATS D'ESPAGNE,16/1/10,13
USA,CN,http://www.cxstats.com/championnats-des-etats-unis-2016-resultats/,CHAMPIONNATS DES ÉTATS-UNIS,16/1/10,14
SUI,CN,http://www.cxstats.com/championnats-de-suisse-2016-resultats/,CHAMPIONNATS DE SUISSE,16/1/10,15
ITA,CN,http://www.cxstats.com/championnats-italie-2016-resultats/,CHAMPIONNATS D'ITALIE,16/1/10,16
GBR,CN,http://www.cxstats.com/championnats-de-grande-bretagne-2016-resultats/,CHAMPIONNATS DE GRANDE-BRETAGNE,16/1/10,17
DEN,CN,http://www.cxstats.com/championnats-du-danemark-2016-resultats/,CHAMPIONNATS DU DANEMARK,16/1/10,18
POR,CN,http://www.cxstats.com/championnats-du-portugal-2016-resultats/,CHAMPIONNATS DU PORTUGAL,16/1/10,19
LUX,CN,http://www.cxstats.com/championnats-du-luxembourg-2016-resultats/,CHAMPIONNATS DU LUXEMBOURG,16/1/10,20
IRL,CN,http://www.cxstats.com/championnats-irlande-2016-resultats/,CHAMPIONNATS D'IRLANDE,16/1/10,21
POL,CN,http://www.cxstats.com/championnats-de-pologne-2016-resultats/,CHAMPIONNATS DE POLOGNE,16/1/10,22
CZE,CN,http://www.cxstats.com/championnats-de-republique-tcheque-2016-resultats/,CHAMPIONNATS DE RÉPUBLIQUE TCHÈQUE,16/1/09,23
ITA,C2,http://www.cxstats.com/giro-italia-ciclocross-5-rome-2016-resultats/,GIRO ITALIA CICLOCROSS #5 - ROME,16/1/06,24
GER,C2,http://www.cxstats.com/challenge-cyclo-cross-race-albstadt-resultats/,CHALLENGE CYCLO-CROSS RACE - ALBSTADT,16/1/06,25
BEL,C1,http://www.cxstats.com/soudal-cyclocross-leuven-2016-resultats/,SOUDAL CYCLOCROSS LEUVEN,16/1/03,26
SUI,C1,http://www.cxstats.com/ekz-cross-tour-5-meilen-resultats/,EKZ CROSS TOUR #5 - MEILEN,16/1/02,27
NED,C2,http://www.cxstats.com/internationale-centrumcross-surhuisterveen-2015-resultats/,INT. CENTRUMCROSS SURHUISTERVEEN,16/1/02,28
USA,C2,http://www.cxstats.com/kingsport-cyclo-cross-cup-2016-resultats/,KINGSPORT CYCLO-CROSS CUP,16/1/02,29
BEL,C1,http://www.cxstats.com/bpost-bank-trofee-7-baal-2015-resultats/,BPOST BANK TROFEE #7 - BAAL,16/1/01,30
FRA,C1,http://www.cxstats.com/coupe-de-france-3-flamanville-resultats/,COUPE DE FRANCE #3 - FLAMANVILLE,15/12/30,31
BEL,C2,http://www.cxstats.com/versluys-cyclocross-bredene-2015-resultats/,VERSLUYS CYCLOCROSS BREDENE,15/12/30,32
BEL,C1,http://www.cxstats.com/bpost-bank-trofee-6-loenhout-2015-resultats/,BPOST BANK TROFEE #6 - LOENHOUT,15/12/29,33
BEL,C1,http://www.cxstats.com/superprestige-6-diegem-2015-resultats/,SUPERPRESTIGE #6 - DIEGEM,15/12/27,34
BEL,CDM,http://www.cxstats.com/uci-world-cup-5-zolder-2015-resultats/,UCI WORLD CUP #5 - ZOLDER,15/12/26,35
SUI,C2,http://www.cxstats.com/crossrace-gp-luzern-pfaffnau-resultats/,CROSSRACE GP LUZERN - PFAFFNAU,15/12/26,36
BEL,CDM,http://www.cxstats.com/uci-world-cup-4-namur-2015-resultats/,UCI WORLD CUP #4 - NAMUR,15/12/20,37
USA,C2,http://www.cxstats.com/highlander-cross-cup-2-resultats/,HIGHLANDER CROSS CUP (2),15/12/20,38
BEL,C1,http://www.cxstats.com/bpost-bank-trofee-5-antwerpen-resultats/,BPOST BANK TROFEE #5 - ANTWERPEN,15/12/19,39
USA,C2,http://www.cxstats.com/highlander-cross-cup-1-resultats/,HIGHLANDER CROSS CUP (1),15/12/19,40
BEL,C2,http://www.cxstats.com/superprestige-5-francorchamps-2015-resultats/,SUPERPRESTIGE #5 - FRANCORCHAMPS,15/12/13,41
SUI,C1,http://www.cxstats.com/ekz-cross-tour-4-eschenbach-2015-resultats/,EKZ CROSS TOUR #4 - ESCHENBACH,15/12/13,42
ITA,C2,http://www.cxstats.com/giro-italia-ciclocross-4-montaldo-di-castro-resultats/,GIRO ITALIA #4 - MONTALDO DI CASTRO,15/12/13,43
GBR,C2,http://www.cxstats.com/national-trophy-series-5-bradford-2015-resultats/,NATIONAL TROPHY SERIES #5 - BRADFORD,15/12/13,44
ESP,C2,http://www.cxstats.com/cyclo-cross-international-ciudad-de-valencia-resultats/,CYCLO-CROSS INT. CIUDAD DE VALENCIA,15/12/13,45
USA,C2,http://www.cxstats.com/resolution-cross-cup-2-2015-resultats/,RESOLUTION CROSS CUP (2),15/12/13,46
USA,C2,http://www.cxstats.com/north-carolina-grand-prix-2-2015-resultats/,NORTH CAROLINA GRAND PRIX (2),15/12/13,47
BEL,C2,http://www.cxstats.com/zilvermeercross-mol-2015-resultats/,ZILVERMEERCROSS - MOL,15/12/12,48
USA,C2,http://www.cxstats.com/resolution-cross-cup-1-2015-resultats/,RESOLUTION CROSS CUP (1),15/12/12,49
USA,C2,http://www.cxstats.com/north-carolina-grand-prix-1-2015-resultats/,NORTH CAROLINA GRAND PRIX (1),15/12/12,50
CZE,C2,http://www.cxstats.com/toi-toi-cup-8-mlada-boleslav-resultats/,TOI TOI CUP #8 - MLADA BOLESLAV,15/12/12,51
CZE,CN,http://www.cxstats.com/championnats-de-republique-tcheque-juniors-resultats/,CHAMPIONNATS DE RÉPUBLIQUE TCHÈQUE U19,15/12/12,52
ITA,C2,http://www.cxstats.com/ciclocross-del-ponte-2015-resultats/,CICLOCROSS DEL PONTE,15/12/08,53
BEL,C1,http://www.cxstats.com/vlaamse-druivencross-overijse-2015-resultats/,VLAAMSE DRUIVENCROSS OVERIJSE,15/12/06,54
SUI,C2,http://www.cxstats.com/cyclo-cross-international-de-sion-valais-resultats/,CYCLO-CROSS INTERNATIONAL DE SION-VALAIS,15/12/06,55
JPN,CN,http://www.cxstats.com/championnats-du-japon-2015-resultats/,CHAMPIONNATS DU JAPON,15/12/06,56
ITA,C2,http://www.cxstats.com/giro-italia-ciclocross-3-asolo-resultats/,GIRO ITALIA CICLOCROSS #3 - ASOLO,15/12/06,57
USA,C2,http://www.cxstats.com/jingle-cross-3-2015-resultats/,JINGLE CROSS (3),15/12/06,58
USA,C2,http://www.cxstats.com/verge-necxs-6-warwick-resultats/,"VERGE NECXS #6 - WARWICK, RI",15/12/06,59
USA,C2,http://www.cxstats.com/ruts-n-guts-2-resultats/,RUTS N GUTS (2),15/12/06,60
BEL,C1,http://www.cxstats.com/bpost-bank-trofee-4-essen-resultats/,BPOST BANK TROFEE #4 - ESSEN,15/12/05,61
SVK,CN,http://www.cxstats.com/championnats-de-slovaquie-2015-resultats/,CHAMPIONNATS DE SLOVAQUIE,15/12/05,62
GER,C2,http://www.cxstats.com/ggew-grand-prix-bensheim-resultats/,GGEW GRAND PRIX - BENSHEIM,15/12/05,63
USA,C1,http://www.cxstats.com/jingle-cross-2-2015-resultats/,JINGLE CROSS (2),15/12/05,64
USA,C2,http://www.cxstats.com/verge-necxs-5-warwick-resultats/,"VERGE NECXS #5 - WARWICK, RI",15/12/05,65
USA,C2,http://www.cxstats.com/ruts-n-guts-1-resultats/,RUTS N GUTS (1),15/12/05,66
USA,C2,http://www.cxstats.com/jingle-cross-1-2015-resultats/,JINGLE CROSS (1),15/12/04,67
BEL,C1,http://www.cxstats.com/bpost-bank-trofee-3-hamme-2015-resultats/,BPOST BANK TROFEE #3 - HAMME,15/11/29,68
ITA,C2,http://www.cxstats.com/7-trofeo-coop-ed-brugherio-82-resultats/,7° TROFEO COOP ED. BRUGHERIO 82,15/11/29,69
AUT,C2,http://www.cxstats.com/tage-des-querfeldeinsports-2015-resultats/,TAGE DES QUERFELDEINSPORTS,15/11/29,70
POL,C2,http://www.cxstats.com/xxii-przelajowy-wyscig-kolarski-bryksy-cross-resultats/,XXII PRZELAJOWY WYSCIG KOLARSKI BRYKSY CROSS,15/11/29,71
JPN,C2,http://www.cxstats.com/rapha-nobeyama-supercross-2-resultats/,RAPHA NOBEYAMA SUPERCROSS (2),15/11/29,72
JPN,C2,http://www.cxstats.com/rapha-nobeyama-supercross-1-resultats/,RAPHA NOBEYAMA SUPERCROSS (1),15/11/28,73
BEL,CDM,http://www.cxstats.com/uci-world-cup-3-koksijde-resultats/,UCI WORLD CUP #3 - KOKSIJDE,15/11/22,74
FRA,C2,http://www.cxstats.com/val-ille-intermarche-cyclocross-la-meziere-resultats/,VAL D'ILLE CYCLOCROSS - LA MÉZIÈRE,15/11/22,75
USA,C2,http://www.cxstats.com/cxla-weekend-2-2015-resultats/,CXLA WEEKEND (2),15/11/22,76
USA,C2,http://www.cxstats.com/supercross-cup-2-2015-resultats/,SUPERCROSS CUP (2),15/11/22,77
JPN,C2,http://www.cxstats.com/kansai-cyclo-cross-makino-round-2015-resultats/,KANSAI CYCLO-CROSS MAKINO ROUND,15/11/22,78
BEL,C1,http://www.cxstats.com/soudal-gp-hasselt-resultats/,SOUDAL GP HASSELT,15/11/21,79
FRA,C2,http://www.cxstats.com/cyclo-cross-international-de-pierric-resultats/,CYCLO-CROSS INTERNATIONAL DE PIERRIC,15/11/21,80
USA,C2,http://www.cxstats.com/cxla-weekend-1-2015-resultats/,CXLA WEEKEND (1),15/11/21,81
USA,C2,http://www.cxstats.com/supercross-cup-1-2015-resultats/,SUPERCROSS CUP (1),15/11/21,82
CZE,C1,http://www.cxstats.com/toi-toi-cup-7-unicov-resultats/,TOI TOI CUP #7 - UNICOV,15/11/17,83
BEL,C1,http://www.cxstats.com/superprestige-4-gavere-2015-resultats/,SUPERPRESTIGE #4 - GAVERE,15/11/15,84
FRA,C1,http://www.cxstats.com/coupe-de-france-2-quelneuc-resultats/,COUPE DE FRANCE #2 - QUELNEUC,15/11/15,85
NOR,CN,http://www.cxstats.com/championnats-de-norvege-resultats/,CHAMPIONNATS DE NORVÈGE,15/11/15,86
USA,C2,http://www.cxstats.com/the-subaru-cyclo-cup-2-resultats/,THE SUBARU CYCLO CUP (2),15/11/15,87
SUI,C2,http://www.cxstats.com/fluckiger-cross-madiswil-resultats/,FLÜCKIGER CROSS - MADISWIL,15/11/15,88
AUT,C2,http://www.cxstats.com/int-radquerfeldein-gp-lambach-2015-resultats/,INT.RADQUERFELDEIN GP LAMBACH,15/11/15,89
ESP,C2,http://www.cxstats.com/gran-premi-del-valles-resultats/,GRAN PREMI DEL VALLES,15/11/15,90
ITA,C2,http://www.cxstats.com/7-ciclocross-citta-di-schio-resultats/,7° CICLOCROSS CITTA DI SCHIO,15/11/15,91
CZE,C2,http://www.cxstats.com/toi-toi-cup-6-hole-vrchy-resultats/,TOI TOI CUP #6 - HOLE VRCHY,15/11/14,92
USA,C2,http://www.cxstats.com/the-subaru-cyclo-cup-1-resultats/,THE SUBARU CYCLO CUP (1),15/11/14,93
BEL,C2,http://www.cxstats.com/soudal-jaarmarktcross-niel-2015-resultats/,SOUDAL JAARMARKTCROSS NIEL,15/11/11,94
BEL,C1,http://www.cxstats.com/superprestige-3-ruddervoorde-2015-resultats/,SUPERPRESTIGE #3 - RUDDERVOORDE,15/11/08,95
GER,C2,http://www.cxstats.com/ggew-city-cross-cup-lorsch-resultats/,GGEW CITY CROSS CUP - LORSCH,15/11/08,96
GBR,C2,http://www.cxstats.com/national-trophy-series-3-durham-2015-resultats/,NATIONAL TROPHY SERIES #3 - DURHAM,15/11/08,97
USA,C2,http://www.cxstats.com/verge-necxs-4-northampton-2015-resultats/,VERGE NECXS #4 - NORTHAMPTON,15/11/08,98
USA,C2,http://www.cxstats.com/the-derby-city-cup-2-resultats/,THE DERBY CITY CUP (2),15/11/08,99
NED,CC,http://www.cxstats.com/championnats-europe-huijbergen-resultats/,CHAMPIONNATS D'EUROPE - HUIJBERGEN,15/11/07,100
USA,C1,http://www.cxstats.com/the-derby-city-cup-1-resultats/,THE DERBY CITY CUP (1),15/11/07,101
USA,C2,http://www.cxstats.com/verge-necxs-3-northampton-2015-resultats/,VERGE NECXS #3 - NORTHAMPTON,15/11/07,102
USA,CC,http://www.cxstats.com/pan-american-continental-championships-resultats/,PAN-AMERICAN CONTINENTAL CHAMPIONSHIPS,15/11/01,103
BEL,C1,http://www.cxstats.com/bpost-bank-trofee-2-koppenbergcross-resultats/,BPOST BANK TROFEE #2 - KOPPENBERGCROSS,15/11/01,104
SUI,C1,http://www.cxstats.com/ekz-cross-tour-3-hittnau-2015-resultats/,EKZ CROSS TOUR #3 - HITTNAU,15/11/01,105
FRA,C2,http://www.cxstats.com/cyclo-cross-international-de-marle-resultats/,CYCLO-CROSS INTERNATIONAL DE MARLE,15/11/01,106
ITA,C2,http://www.cxstats.com/giro-italia-ciclocross-2-portoferraio-2015-resultats/,GIRO ITALIA CICLOCROSS #2 - PORTOFERRAIO,15/11/01,107
JPN,C2,http://www.cxstats.com/tohoku-cx-project-inawashiro-round-resultats/,TOHOKU CX PROJECT INAWASHIRO ROUND,15/11/01,108
BEL,C2,http://www.cxstats.com/niels-albertland-cyclocross-resultats/,NIELS ALBERTLAND CYCLOCROSS,15/10/31,109
CZE,C2,http://www.cxstats.com/toi-toi-cup-5-louny-resultats/,TOI TOI CUP #5 - LOUNY,15/10/31,110
USA,C1,http://www.cxstats.com/cincy3-kings-cx-after-dark-2015-resultats/,CINCY3 - KINGS CX AFTER DARK,15/10/31,111
CZE,C1,http://www.cxstats.com/toi-toi-cup-4-tabor-resultats/,TOI TOI CUP #4 - TABOR,15/10/28,112
BEL,C1,http://www.cxstats.com/superprestige-2-zonhoven-2015-resultats/,SUPERPRESTIGE #2 - ZONHOVEN,15/10/25,113
SUI,C2,http://www.cxstats.com/54-internationales-radquer-steinmaur-resultats/,54. INTERNATIONALES RADQUER STEINMAUR,15/10/25,114
GBR,C2,http://www.cxstats.com/national-trophy-series-2-derby-resultats/,NATIONAL TROPHY SERIES #2 - DERBY,15/10/25,115
LUX,C2,http://www.cxstats.com/grand-prix-de-la-commune-de-contern-resultats/,GRAND PRIX DE LA COMMUNE DE CONTERN,15/10/25,116
CAN,C2,http://www.cxstats.com/manitoba-grand-prix-of-cyclocross-resultats/,MANITOBA GRAND PRIX OF CYCLOCROSS,15/10/25,117
ESP,C2,http://www.cxstats.com/xxiii-cyclo-cross-de-karrantza-resultats/,XXIII CYCLO-CROSS DE KARRANTZA,15/10/25,118
SWE,C2,http://www.cxstats.com/stockholm-cyclo-cross-resultats/,STOCKHOLM CYCLO-CROSS,15/10/25,119
ITA,C2,http://www.cxstats.com/giro-italia-ciclocross-1-fiuggi-2015-resultats/,GIRO ITALIA CICLOCROSS #1 - FIUGGI,15/10/25,120
USA,C2,http://www.cxstats.com/dccx-2-resultats/,DCCX (2),15/10/25,121
BEL,-,http://www.cxstats.com/polderscross-kruibeke-resultats/,POLDERSCROSS - KRUIBEKE,15/10/24,122
SWE,CN,http://www.cxstats.com/championnats-de-suede-resultats/,CHAMPIONNATS DE SUÈDE,15/10/24,123
CAN,CN,http://www.cxstats.com/championnats-du-canada-2015-resultats/,CHAMPIONNATS DU CANADA,15/10/24,124
USA,C2,http://www.cxstats.com/dccx-1-resultats/,DCCX (1),15/10/24,125
NED,C2,http://www.cxstats.com/kiremko-nacht-van-woerden-2015-resultats/,KIREMKO NACHT VAN WOERDEN,15/10/20,126
NED,CDM,http://www.cxstats.com/uci-world-cup-2-valkenburg-resultats/,UCI WORLD CUP #2 - VALKENBURG,15/10/18,127
USA,C2,http://www.cxstats.com/hpcx-2-2015-resultats/,HPCX (2),15/10/18,128
USA,C2,http://www.cxstats.com/us-open-of-cyclo-cross-2-resultats/,US OPEN OF CYCLO-CROSS (2),15/10/18,129
FIN,C2,http://www.cxstats.com/championnats-de-finlande-2015-resultats/,CHAMPIONNATS DE FINLANDE,15/10/18,130
USA,C2,http://www.cxstats.com/hpcx-1-2015-resultats/,HPCX (1),15/10/17,131
USA,C2,http://www.cxstats.com/us-open-of-cyclo-cross-1-resultats/,US OPEN OF CYCLO-CROSS (1),15/10/17,132
BEL,C2,http://www.cxstats.com/kermiscross-ardooie-2015-resultats/,KERMISCROSS - ARDOOIE,15/10/15,133
BEL,C1,http://www.cxstats.com/bpost-bank-trofee-1-ronse-2015-resultats/,BPOST BANK TROFEE #1 - RONSE,15/10/11,134
FRA,C1,http://www.cxstats.com/coupe-de-france-1-albi-resultats/,COUPE DE FRANCE #1 - ALBI,15/10/11,135
GBR,C2,http://www.cxstats.com/national-trophy-series-1-southampton-resultats/,NATIONAL TROPHY SERIES #1 - SOUTHAMPTON,15/10/11,136
SUI,C2,http://www.cxstats.com/gp-5-sterne-region-2015-resultats/,GP-5-STERNE-REGION,15/10/11,137
USA,C2,http://www.cxstats.com/trek-cxc-cup-2-2015-resultats/,TREK CXC CUP (2),15/10/11,138
USA,C2,http://www.cxstats.com/charm-city-cross-2-2015-resultats/,CHARM CITY CROSS (2),15/10/11,139
SVK,C2,http://www.cxstats.com/cyclo-cross-international-podbrezova-resultats/,CYCLO-CROSS INTERNATIONAL PODBREZOVA,15/10/11,140
EST,C2,http://www.cxstats.com/championnats-estonie-resultats/,CHAMPIONNATS D'ESTONIE,15/10/11,141
BEL,-,http://www.cxstats.com/berencross-meulebeke-resultats/,BERENCROSS - MEULEBEKE,15/10/10,142
USA,C1,http://www.cxstats.com/trek-cxc-cup-1-2015-resultats/,TREK CXC CUP (1),15/10/10,143
USA,C2,http://www.cxstats.com/charm-city-cross-1-2015-resultats/,CHARM CITY CROSS (1),15/10/10,144
CZE,C2,http://www.cxstats.com/toi-toi-cup-3-milovice-resultats/,TOI TOI CUP #3 - MILOVICE,15/10/10,145
ISL,CN,http://www.cxstats.com/championnats-islande-resultats/,CHAMPIONNATS D'ISLANDE,15/10/10,146
NED,C1,http://www.cxstats.com/superprestige-1-gieten-2015-resultats/,SUPERPRESTIGE #1 - GIETEN,15/10/04,147
SUI,C1,http://www.cxstats.com/ekz-crosstour-2-dielsdorf-resultats/,EKZ CROSS TOUR #2 - DIELSDORF,15/10/04,148
DEN,C2,http://www.cxstats.com/kronborg-uci-cyclocross-event-resultats/,KRONBORG UCI CYCLOCROSS EVENT,15/10/04,149
USA,C2,http://www.cxstats.com/kmc-cyclocross-festival-2-resultats/,KMC CYCLOCROSS FESTIVAL (2),15/10/04,150
USA,C1,http://www.cxstats.com/kmc-cyclocross-festival-1-resultats/,KMC CYCLOCROSS FESTIVAL (1),15/10/03,151
CZE,C2,http://www.cxstats.com/toi-toi-cup-2-hlinsko-resultats/,TOI TOI CUP #2 - HLINSKO,15/10/03,152
CZE,C1,http://www.cxstats.com/toi-toi-cup-1-slany-resultats/,TOI TOI CUP #1 - SLANY,15/9/28,153
BEL,C2,http://www.cxstats.com/steenbergcross-erpe-mere-resultats/,STEENBERGCROSS - ERPE-MERE,15/9/27,154
SUI,C2,http://www.cxstats.com/radcross-illnau-2015-resultats/,RADCROSS ILLNAU,15/9/27,155
USA,C2,http://www.cxstats.com/verge-necxs-2-gloucester-2015-resultats/,VERGE NECXS #2 - GLOUCESTER,15/9/27,156
BEL,C2,http://www.cxstats.com/soudal-gp-neerpelt-2015-resultats/,SOUDAL GP NEERPELT,15/9/26,157
USA,C2,http://www.cxstats.com/verge-necxs-1-gloucester-2015-resultats/,VERGE NECXS #1 - GLOUCESTER,15/9/26,158
USA,CDM,http://www.cxstats.com/uci-world-cup-1-crossvegas-resultats/,UCI WORLD CUP #1 - CROSSVEGAS,15/9/16,159
SUI,C1,http://www.cxstats.com/ekz-cross-tour-1-baden-resultats/,EKZ CROSS TOUR #1 - BADEN,15/9/13,160
USA,C2,http://www.cxstats.com/nittany-lion-cross-2-resultats-2015/,NITTANY LION CROSS (2),15/9/13,161
USA,C2,http://www.cxstats.com/nittany-lion-cross-1-resultats-2015/,NITTANY LION CROSS (1),15/9/12,162
USA,C2,http://www.cxstats.com/ellison-park-cyclocross-festival-2-resultats/,ELLISON PARK CYCLOCROSS FESTIVAL (2),15/9/06,163
USA,C1,http://www.cxstats.com/ellison-park-cyclocross-festival-1-resultats/,ELLISON PARK CYCLOCROSS FESTIVAL (1),15/9/05,164
CHN,C1,http://www.cxstats.com/qiansen-trophy-2-resultats/,QIANSEN TROPHY CYCLOCROSS (2),15/9/02,165
CHN,C1,http://www.cxstats.com/qiansen-trophy-1-resultats/,QIANSEN TROPHY CYCLOCROSS (1),15/8/30,166
AUS,CN,http://www.cxstats.com/australian-national-championships-resultats/,AUSTRALIAN NATIONAL CHAMPIONSHIPS,15/8/09,167
BEL,-,http://www.cxstats.com/soudal-cyclocross-masters-waregem-resultats/,SOUDAL CYCLOCROSS MASTERS - WAREGEM,15/2/25,168
BEL,C1,http://www.cxstats.com/internationale-sluitingsprijs-oostmalle-resultats/,INTERNATIONALE SLUITINGSPRIJS OOSTMALLE,15/2/22,169
NED,C1,http://www.cxstats.com/internationale-cyclocross-heerlen-resultats/,INTERNATIONALE CYCLOCROSS HEERLEN,15/2/21,170
BEL,-,http://www.cxstats.com/malheur-kleicross-lebbeke-resultats/,MALHEUR KLEICROSS LEBBEKE,15/2/21,171
BEL,C2,http://www.cxstats.com/grote-prijs-stad-eeklo-resultats/,GROTE PRIJS STAD EEKLO,15/2/15,172
BEL,C1,http://www.cxstats.com/superprestige-8-middelkerke-resultats/,SUPERPRESTIGE #8 - MIDDELKERKE,15/2/14,173
BEL,C1,http://www.cxstats.com/superprestige-7-hoogstraten-resultats/,SUPERPRESTIGE #7 - HOOGSTRATEN,15/2/08,174
BEL,C1,http://www.cxstats.com/bpost-bank-trofee-8-lille-resultats/,BPOST BANK TROFEE #8 - LILLE,15/2/07,175
BEL,C2,http://www.cxstats.com/parkcross-maldegem-resultats/,PARKCROSS - MALDEGEM,15/2/04,176
CZE,CM,http://www.cxstats.com/championnats-du-monde-tabor-hommes-resultats/,CHAMPIONNATS DU MONDE - TABOR,15/2/01,177
CZE,CM,http://www.cxstats.com/championnats-du-monde-espoirs-tabor-resultats/,CHAMPIONNATS DU MONDE ESPOIRS - TABOR,15/2/01,178
CZE,CM,http://www.cxstats.com/championnats-du-monde-tabor-dames-resultats/,CHAMPIONNATS DU MONDE DAMES - TABOR,15/1/31,179
CZE,CM,http://www.cxstats.com/championnats-du-monde-tabor-juniors-resultats/,CHAMPIONNATS DU MONDE JUNIORS - TABOR,15/1/31,180
NED,CDM,http://www.cxstats.com/coupe-du-monde-6-hoogerheide-resultats/,COUPE DU MONDE #6 - HOOGERHEIDE,15/1/25,181
NED,C2,http://www.cxstats.com/internationale-cyclo-cross-rucphen-resultats/,INTERNATIONALE CYCLO-CROSS RUCPHEN,15/1/24,182
FRA,C2,http://www.cxstats.com/cyclo-cross-international-de-nommay-resultats/,CYCLO-CROSS INTERNATIONAL DE NOMMAY,15/1/18,183
LUX,C2,http://www.cxstats.com/grand-prix-mobel-alvisse-leudelange-resultats/,GRAND PRIX MÖBEL ALVISSE - LEUDELANGE,15/1/18,184
BEL,C2,http://www.cxstats.com/kasteelcross-zonnebeke-resultats/,KASTEELCROSS ZONNEBEKE,15/1/17,185
ITA,C2,http://www.cxstats.com/gp-guerciotti-resultats/,GRAN PREMIO MAMMA E PAPA GUERCIOTTI AM,15/1/17,186
BEL,C2,http://www.cxstats.com/cyclocross-otegem-resultats/,CYCLOCROSS OTEGEM,15/1/12,187
USA,CN,http://www.cxstats.com/championnats-des-etats-unis-resultats/,CHAMPIONNATS DES ÉTATS-UNIS,15/1/12,188
BEL,CN,http://www.cxstats.com/championnats-de-belgique-resultats/,CHAMPIONNATS DE BELGIQUE,15/1/11,189
FRA,CN,http://www.cxstats.com/championnats-de-france-resultats/,CHAMPIONNATS DE FRANCE,15/1/11,190
NED,CN,http://www.cxstats.com/championnats-des-pays-bas-resultats/,CHAMPIONNATS DES PAYS-BAS,15/1/11,191
GBR,CN,http://www.cxstats.com/championnats-de-grande-bretagne-resultats/,CHAMPIONNATS DE GRANDE-BRETAGNE,15/1/11,192
LUX,CN,http://www.cxstats.com/championnats-du-luxembourg-resultats/,CHAMPIONNATS DU LUXEMBOURG,15/1/11,193
GER,CN,http://www.cxstats.com/championnats-allemagne-resultats/,CHAMPIONNATS D'ALLEMAGNE,15/1/11,194
SUI,CN,http://www.cxstats.com/championnats-de-suisse-resultats/,CHAMPIONNATS DE SUISSE,15/1/11,195
ITA,CN,http://www.cxstats.com/championnats-italie-resultats/,CHAMPIONNATS D'ITALIE,15/1/11,196
ESP,CN,http://www.cxstats.com/championnats-espagne-resultats/,CHAMPIONNATS D'ESPAGNE,15/1/11,197
DEN,CN,http://www.cxstats.com/championnats-du-danemark-resultats/,CHAMPIONNATS DU DANEMARK,15/1/11,198
IRL,CN,http://www.cxstats.com/championnats-irlande-resultats/,CHAMPIONNATS D'IRLANDE,15/1/11,199
HUN,CN,http://www.cxstats.com/championnats-de-hongrie-resultats/,CHAMPIONNATS DE HONGRIE,15/1/11,200
AUT,CN,http://www.cxstats.com/championnats-autriche-resultats/,CHAMPIONNATS D'AUTRICHE,15/1/11,201
POR,CN,http://www.cxstats.com/championnats-du-portugal-resultats/,CHAMPIONNATS DU PORTUGAL,15/1/11,202
POL,CN,http://www.cxstats.com/championnats-de-pologne-resultats/,CHAMPIONNATS DE POLOGNE,15/1/11,203
CZE,CN,http://www.cxstats.com/championnats-de-republique-tcheque-resultats/,CHAMPIONNATS DE RÉPUBLIQUE TCHÈQUE,15/1/10,204
ITA,C2,http://www.cxstats.com/giro-italia-ciclocross-5-rome-resultats/,GIRO D'ITALIA CICLOCROSS #5 - ROME,15/1/06,205
BEL,C1,http://www.cxstats.com/soudal-cyclocross-leuven-resultats/,SOUDAL CYCLOCROSS LEUVEN,15/1/04,206
GBR,C2,http://www.cxstats.com/national-trophy-series-6-derby-resultats/,NATIONAL TROPHY SERIES #6 - DERBY,15/1/04,207
USA,C2,http://www.cxstats.com/resolution-cross-cup-2-resultats/,RESOLUTION CROSS CUP (2),15/1/04,208
FRA,C2,http://www.cxstats.com/cyclo-cross-de-la-solidarite-lutterbach-resultats/,CYCLO-CROSS DE LA SOLIDARITÉ - LUTTERBACH,15/1/03,209
USA,C2,http://www.cxstats.com/resolution-cross-cup-1-resultats/,RESOLUTION CROSS CUP (1),15/1/03,210
USA,C2,http://www.cxstats.com/kingsport-cyclo-cross-cup-resultats/,KINGSPORT CYCLO-CROSS CUP,15/1/03,211
SUI,C1,http://www.cxstats.com/radquer-bussnang-resultats/,RADQUER BUSSNANG,15/1/02,212
SUI,C2,http://www.cxstats.com/internationale-centrumcross-surhuisterveen-resultats/,CENTRUMCROSS - SURHUISTERVEEN,15/1/02,213
BEL,C1,http://www.cxstats.com/bpost-bank-trofee-7-baal-resultats/,BPOST BANK TROFEE #7 - BAAL,15/1/01,214
LUX,C2,http://www.cxstats.com/gp-hotel-threeland-petange-resultats/,GRAND PRIX HÔTEL THREELAND - PÉTANGE,15/1/01,215
BEL,C1,http://www.cxstats.com/bpost-bank-trofee-6-loenhout-resultats/,BPOST BANK TROFEE #6 - LOENHOUT,14/12/30,216
BEL,C1,http://www.cxstats.com/superprestige-6-diegem-resultats/,SUPERPRESTIGE #6 - DIEGEM,14/12/28,217
BEL,C2,http://www.cxstats.com/versluys-cyclocross-bredene-resultats/,VERSLUYS CYCLOCROSS BREDENE,14/12/27,218
BEL,CDM,http://www.cxstats.com/uci-world-cup-5-zolder-resultats/,COUPE DU MONDE #5 - ZOLDER,14/12/26,219
SUI,C2,http://www.cxstats.com/internationales-radquer-dagmersellen-resultats/,INTERNATIONALES RADQUER DAGMERSELLEN,14/12/26,220
LUX,C2,http://www.cxstats.com/grand-prix-geba-differdange-resultats/,GRAND PRIX GEBA - DIFFERDANGE,14/12/26,221
BEL,CDM,http://www.cxstats.com/uci-world-cup-4-namur-resultats/,COUPE DU MONDE #4 - NAMUR,14/12/21,222
BEL,C1,http://www.cxstats.com/bpost-bank-trofee-5-essen-resultats/,BPOST BANK TROFEE #5 - ESSEN,14/12/20,223
BEL,C2,http://www.cxstats.com/cyclocross-van-het-waasland-resultats/,CYCLOCROSS VAN HET WAASLAND - SINT-NIKLAAS,14/12/17,224
SUI,C1,http://www.cxstats.com/ekz-cross-tour-4-eschenbach-resultats/,EKZ CROSS TOUR #4 - ESCHENBACH,14/12/14,225
BEL,C2,http://www.cxstats.com/zilvermeercross-mol-resultats/,ZILVERMEERCROSS - MOL,14/12/14,226
FRA,C2,http://www.cxstats.com/coupe-de-france-3-lanarvily-resultats/,COUPE DE FRANCE #3 - LANARVILY,14/12/14,227
GBR,C2,http://www.cxstats.com/national-trophy-series-5-bradford-resultats/,NATIONAL TROPHY SERIES #5 - BRADFORD,14/12/14,228
ITA,C2,http://www.cxstats.com/giro-italia-ciclocross-4-silvelle-resultats/,GIRO D'ITALIA CICLOCROSS #4 - SILVELLE,14/12/14,229
ESP,C2,http://www.cxstats.com/cyclo-cross-ciudad-de-valencia-resultats/,CYCLO-CROSS CIUDAD DE VALENCIA,14/12/14,230
USA,C2,http://www.cxstats.com/north-carolina-grand-prix-2-resultats/,NORTH CAROLINA GRAND PRIX (2),14/12/14,231
JPN,CN,http://www.cxstats.com/championnats-du-japon-resultats/,CHAMPIONNATS DU JAPON,14/12/14,232
BEL,C1,http://www.cxstats.com/soudal-scheldecross-antwerpen-resultats/,SOUDAL SCHELDECROSS ANTWERPEN,14/12/13,233
CZE,C2,http://www.cxstats.com/toi-toi-cup-7-milovice-resultats/,TOI TOI CUP #7 - MILOVICE,14/12/13,234
CZE,CN,http://www.cxstats.com/championnats-de-republique-tcheque-we-mj-resultats/,CHAMPIONNATS DE RÉPUBLIQUE TCHÈQUE,14/12/13,235
SVK,CN,http://www.cxstats.com/championnats-de-slovaquie-resultats/,CHAMPIONNATS DE SLOVAQUIE,14/12/13,236
USA,C2,http://www.cxstats.com/north-carolina-grand-prix-1-resultats/,NORTH CAROLINA GRAND PRIX (1),14/12/13,237
ITA,C2,http://www.cxstats.com/ciclocross-del-ponte-resultats/,CICLOCROSS DEL PONTE,14/12/08,238
BEL,C1,http://www.cxstats.com/vlaamse-druivencross-overijse-resultats/,VLAAMSE DRUIVENCROSS OVERIJSE,14/12/07,239
SUI,C2,http://www.cxstats.com/cyclo-cross-international-sion-valais-resultats/,CYCLO-CROSS INTERNATIONAL SION-VALAIS,14/12/07,240
ITA,C2,http://www.cxstats.com/giro-italia-ciclocross-3-rossano-veneto-resultats/,GIRO D'ITALIA CICLOCROSS #3 - ROSSANO VENETO,14/12/07,241
USA,C2,http://www.cxstats.com/verge-necxs-8-warwick-resultats/,VERGE NECXS #8 - WARWICK,14/12/07,242
USA,C2,http://www.cxstats.com/waves-for-water-cyclo-cross-collaboration-2-resultats/,WAVES FOR WATER CX COLLABORATION (2),14/12/07,243
BEL,C1,http://www.cxstats.com/bpost-bank-trofee-4-hasselt-resultats/,BPOST BANK TROFEE #4 - HASSELT,14/12/06,244
CZE,C2,http://www.cxstats.com/toi-toi-cup-6-kolin-resultats/,TOI TOI CUP #6 - KOLIN,14/12/06,245
USA,C2,http://www.cxstats.com/verge-necxs-7-warwick-resultats/,VERGE NECXS #7 - WARWICK,14/12/06,246
USA,C2,http://www.cxstats.com/waves-for-water-cyclo-cross-collaboration-1-resultats/,WAVES FOR WATER CX COLLABORATION (1),14/12/06,247
BEL,C1,http://www.cxstats.com/bpost-bank-trofee-3-hamme-resultats/,BPOST BANK TROFEE #3 - HAMME,14/11/30,248
GBR,C2,http://www.cxstats.com/national-trophy-series-4-milton-keynes-resultats/,NATIONAL TROPHY SERIES #4 - MILTON KEYNES,14/11/30,249
AUT,C2,http://www.cxstats.com/tage-des-querfeldeinsports-resultats/,TAGE DES QUERFELDEINSPORTS,14/11/30,250
USA,C2,http://www.cxstats.com/http://www.cxstats.com/verge-necxs-6-sterling-resultats/,VERGE NECXS #6 - STERLING,14/11/30,251
JPN,C2,http://www.cxstats.com/shinshu-cyclocross-2-resultats/,SHINSHU CYCLOCROSS (2),14/11/30,252
ITA,C2,http://www.cxstats.com/trofeo-coop-ed-brugherio-82-resultats/,TROFEO COOP ED. BRUGHERIO 82,14/11/30,253
GBR,CDM,http://www.cxstats.com/uci-world-cup-3-milton-keynes-resultats/,COUPE DU MONDE #3 - MILTON KEYNES,14/11/29,254
GBR,MJ,http://www.cxstats.com/milton-keynes-juniors-resultats/,MILTON KEYNES (MJ),14/11/29,255
SVK,C2,http://www.cxstats.com/cyclocross-international-podbrezova-resultats/,CYCLOCROSS INTERNATIONAL PODBREZOVA,14/11/29,256
USA,C2,http://www.cxstats.com/http://www.cxstats.com/verge-necxs-5-sterling-resultats/,VERGE NECXS #5 - STERLING,14/11/29,257
JPN,C2,http://www.cxstats.com/http://www.cxstats.com/http://www.cxstats.com/shinshu-cyclocross-1-resultats/,SHINSHU CYCLOCROSS (1),14/11/29,258
BEL,C2,http://www.cxstats.com/superprestige-5-francorchamps-resultats/,SUPERPRESTIGE #5 - FRANCORCHAMPS,14/11/23,259
SUI,C2,http://www.cxstats.com/schlosscross-rheinfelden-resultats/,SCHLOSSCROSS - RHEINFELDEN,14/11/23,260
USA,C2,http://www.cxstats.com/supercross-cup-2-resultats/,SUPERCROSS CUP (2),14/11/23,261
USA,C2,http://www.cxstats.com/cxla-weekend-2-resultats/,CXLA WEEKEND (2),14/11/23,262
JPN,C2,http://www.cxstats.com/kansai-cyclo-cross-makino-round-resultats/,KANSAI CYCLOCROSS,14/11/23,263
BEL,CDM,http://www.cxstats.com/uci-world-cup-2-koksijde-resultats/,COUPE DU MONDE #2 - KOKSIJDE,14/11/22,264
BEL,MU & MJ,http://www.cxstats.com/duinencross-koksijde-resultats/,DUINENCROSS - KOKSIJDE,14/11/22,265
USA,C2,http://www.cxstats.com/supercross-cup-1-resultats/,SUPERCROSS CUP (1),14/11/22,266
USA,C2,http://www.cxstats.com/cxla-weekend-1-resultats/,CXLA WEEKEND (1),14/11/22,267
BEL,C1,http://www.cxstats.com/superprestige-4-gavere-resultats/,SUPERPRESTIGE #4 - GAVERE,14/11/16,268
FRA,C2,http://www.cxstats.com/coupe-de-france-2-sisteron-resultats/,COUPE DE FRANCE #2 - SISTERON,14/11/16,269
GBR,C2,http://www.cxstats.com/national-trophy-series-3-durham-resultats/,NATIONAL TROPHY SERIES #3 - DURHAM,14/11/16,270
USA,C2,http://www.cxstats.com/jingle-cross-3-resultats/,JINGLE CROSS (3),14/11/16,271
SUI,C2,http://www.cxstats.com/fluckiger-cross-resultats/,FLÜCKIGER CROSS,14/11/16,272
SWE,CN,http://www.cxstats.com/championnats-de-suede-goteborg-resultats/,CHAMPIONNATS DE SUÈDE - GÖTEBORG,14/11/15,273
USA,C1,http://www.cxstats.com/jingle-cross-2-resultats/,JINGLE CROSS (2),14/11/15,274
CZE,C2,http://www.cxstats.com/toi-toi-cup-5-hole-vrchy-resultats/,TOI TOI CUP #5 - HOLE VRCHY,14/11/15,275
USA,C2,http://www.cxstats.com/jingle-cross-1-resultats/,JINGLE CROSS (1),14/11/14,276
BEL,C2,http://www.cxstats.com/soudal-jaarmarktcross-niel-resultats/,SOUDAL JAARMARKTCROSS NIEL,14/11/11,277
FRA,C2,http://www.cxstats.com/cyclo-cross-de-quelneuc-resultats/,CYCLO-CROSS DE QUELNEUC,14/11/11,278
BEL,C1,http://www.cxstats.com/superprestige-3-ruddervoorde-resultats/,SUPERPRESTIGE #3 - RUDDERVOORDE,14/11/09,279
GER,C2,http://www.cxstats.com/ggew-city-cross-cup-2-resultats/,GGEW CITY CROSS CUP (2),14/11/09,280
USA,C2,http://www.cxstats.com/derby-city-cup-2-resultats/,DERBY CITY CUP (2),14/11/09,281
FRA,C2,http://www.cxstats.com/cyclo-cross-de-primel-resultats/,CYCLO-CROSS DE PRIMEL,14/11/09,282
GER,CC,http://www.cxstats.com/championnats-d-europe-lorsch-resultats/,CHAMPIONNATS D'EUROPE - LORSCH,14/11/08,283
GER,C1,http://www.cxstats.com/ggew-city-cross-cup-1-resultats/,GGEW CITY CROSS CUP (1),14/11/08,284
USA,C1,http://www.cxstats.com/derby-city-cup-1-resultats/,DERBY CITY CUP (1),14/11/08,285
FRA,C2,http://www.cxstats.com/val-ille-intermarche-cyclo-cross-resultats/,VAL D'ILLE INTERMARCHÉ CYCLO-CROSS,14/11/08,286
BEL,C1,http://www.cxstats.com/superprestige-2-zonhoven-resultats/,SUPERPRESTIGE #2 - ZONHOVEN,14/11/02,287
SUI,C1,http://www.cxstats.com/ekz-cross-tour-3-hittnau-resultats/,EKZ CROSS TOUR #3 - HITTNAU,14/11/02,288
USA,CC,http://www.cxstats.com/pan-american-cyclocross-championships-resultats/,PAN-AMERICAN CYCLOCROSS CHAMPIONSHIPS,14/11/02,289
USA,C2,http://www.cxstats.com/cincy3-darkhorse-resultats/,CINCY3 DARKHORSE,14/11/02,290
USA,C2,http://www.cxstats.com/verge-necxs-4-northampton-resultats/,VERGE NECXS #4 - NORTHAMPTON,14/11/02,291
AUT,C2,http://www.cxstats.com/int-radquerfeldein-gp-lambach-resultats/,INT.RADQUERFELDEIN GP LAMBACH,14/11/02,292
ITA,C2,http://www.cxstats.com/giro-italia-ciclocross-2-portoferraio-resultats/,GIRO D'ITALIA CICLOCROSS #2 - PORTOFERRAIO,14/11/02,293
BEL,C1,http://www.cxstats.com/bpost-bank-trofee-2-oudenaarde-resultats/,BPOST BANK TROFEE #2 - OUDENAARDE,14/11/01,294
USA,C1,http://www.cxstats.com/cincy3-kings-cx-after-dark-resultats/,CINCY3 - KINGS CX AFTER DARK,14/11/01,295
FRA,C2,http://www.cxstats.com/cyclo-cross-international-marle-resultats/,CYCLO-CROSS INTERNATIONAL DE MARLE,14/11/01,296
USA,C2,http://www.cxstats.com/verge-necxs-3-northampton-resultats/,VERGE NECXS #3 - NORTHAMPTON,14/11/01,297
CZE,C2,http://www.cxstats.com/toi-toi-cup-4-hlinsko-resultats/,TOI TOI CUP #4 - HLINSKO,14/11/01,298
USA,C2,http://www.cxstats.com/cincy3-harbin-park-resultats/,CINCY3 HARBIN PARK,14/10/31,299
GBR,C2,http://www.cxstats.com/national-trophy-series-2-southampton-resultats/,NATIONAL TROPHY SERIES #2 - SOUTHAMPTON,14/10/26,300
CAN,C2,http://www.cxstats.com/manitoba-gp-of-cyclocross-resultats/,MANITOBA GRAND PRIX OF CYCLOCROSS,14/10/26,301
USA,C2,http://www.cxstats.com/gateway-cross-cup-2-resultats/,GATEWAY CROSS CUP (2),14/10/26,302
LUX,C2,http://www.cxstats.com/gp-commune-contern-resultats/,GRAND PRIX DE LA COMMUNE DE CONTERN,14/10/26,303
SUI,C2,http://www.cxstats.com/53-internationales-radquer-steinmaur-resultats/,53. INTERNATIONALES RADQUER STEINMAUR,14/10/26,304
ESP,C2,http://www.cxstats.com/xxii-cyclocross-de-karrantza-resultats/,XXII CYCLOCROSS DE KARRANTZA,14/10/26,305
ITA,C2,http://www.cxstats.com/giro-italia-ciclocross-1-fiuggi-resultats/,GIRO D'ITALIA CICLOCROSS #1 - FIUGGI,14/10/26,306
CAN,CN,http://www.cxstats.com/championnats-du-canada-resultats/,CHAMPIONNATS DU CANADA,14/10/25,307
GER,C2,http://www.cxstats.com/cyclocross-cup-rhein-neckar-resultats/,CYCLOCROSS CUP RHEIN-NECKAR,14/10/25,308
USA,C2,http://www.cxstats.com/gateway-cross-cup-1-resultats/,GATEWAY CROSS CUP (1),14/10/25,309
NED,C2,http://www.cxstats.com/kiremko-nacht-van-woerden-resultats/,KIREMKO NACHT VAN WOERDEN,14/10/21,310
NED,CDM,http://www.cxstats.com/uci-world-cup-1-valkenburg-resultats/,COUPE DU MONDE #1 - VALKENBURG,14/10/19,311
USA,C2,http://www.cxstats.com/hpcx-2-resultats/,HPCX (2),14/10/19,312
FIN,CN,http://www.cxstats.com/championnats-de-finlande-resultats/,CHAMPIONNATS DE FINLANDE,14/10/19,313
USA,C2,http://www.cxstats.com/hpcx-1-resultats/,HPCX (1),14/10/18,314
BEL,C2,http://www.cxstats.com/kermiscross-ardooie-resultats/,KERMISCROSS,14/10/16,315
BEL,C1,http://www.cxstats.com/bpost-bank-trofee-1-ronse-resultats/,BPOST BANK TROFEE #1 - RONSE,14/10/12,316
FRA,C2,http://www.cxstats.com/coupe-de-france-1-besancon-resultats/,COUPE DE FRANCE #1 - BESANÇON,14/10/12,317
USA,C2,http://www.cxstats.com/ellison-park-cx-festival-2-resultats/,ELLISON PARK CYCLOCROSS FESTIVAL (2),14/10/12,318
SUI,C2,http://www.cxstats.com/gp-5-sterne-region-resultats/,GP-5-STERNE-REGION - BEROMÜNSTER,14/10/12,319
GBR,C2,http://www.cxstats.com/national-trophy-series-1-shrewsbury-resultats/,NATIONAL TROPHY SERIES #1 - SHREWSBURY,14/10/12,320
DEN,C2,http://www.cxstats.com/kronborg-cyclocross-resultats/,KRONBORG CYCLOCROSS,14/10/12,321
USA,C1,http://www.cxstats.com/ellison-park-cx-festival-1-resultats/,ELLISON PARK CYCLOCROSS FESTIVAL (1),14/10/11,322
NED,C2,http://www.cxstats.com/grote-prijs-van-brabant-resultats/ ,GROTE PRIJS VAN BRABANT,14/10/11,323
CZE,C2,http://www.cxstats.com/toi-toi-cup-3-unicov-resultats/ ,TOI TOI CUP #3 - UNICOV,14/10/11,324
NED,C1,http://www.cxstats.com/superprestige-1-gieten-resultats/ ,SUPERPRESTIGE #1 - GIETEN,14/10/05,325
SUI,C1,http://www.cxstats.com/ekz-cross-tour-2-dielsdorf-resultats/ ,EKZ CROSS TOUR #2 - DIELSDORF,14/10/05,326
USA,C2,http://www.cxstats.com/providence-cx-festival-2-resultats/ ,PROVIDENCE CYCLOCROSS FESTIVAL (2),14/10/05,327
SVK,C2,http://www.cxstats.com/international-cx-financne-centrum-resultats/ ,INTERNATIONAL CX FINANCNE CENTRUM,14/10/05,328
USA,C1,http://www.cxstats.com/providence-cx-festival-1-resultats/ ,PROVIDENCE CYCLOCROSS FESTIVAL (1),14/10/04,329
SVK,C2,http://www.cxstats.com/international-cx-marikovska-dolina-resultats/ ,INTERNATIONAL CX MARIKOVSKA DOLINA,14/10/04,330
CZE,C2,http://www.cxstats.com/toi-toi-cup-2-louny-cze-resultats/ ,TOI TOI CUP #2 - LOUNY,14/10/04,331
USA,C2,http://www.cxstats.com/verge-necxs-2-gloucester-resultats/ ,VERGE NECXS #2 - GLOUCESTER,14/9/28,332
SUI,C2,http://www.cxstats.com/radcross-illnau-resultats/ ,RADCROSS ILLNAU,14/9/28,333
BEL,C2,http://www.cxstats.com/soudal-gp-neerpelt-resultats/ ,SOUDAL GP NEERPELT,14/9/27,334
USA,C2,http://www.cxstats.com/verge-necxs-1-gloucester-resultats/ ,VERGE NECXS #1 - GLOUCESTER,14/9/27,335
CZE,C2,http://www.cxstats.com/toi-toi-cup-1-lostice-resultats/ ,TOI TOI CUP #1 - LOSTICE,14/9/27,336
BEL,C2,http://www.cxstats.com/steenbergcross-resultats/ ,STEENBERGCROSS - ERPE-MERE,14/9/21,337
USA,C2,http://www.cxstats.com/trek-cxc-cup-2-resultats/ ,TREK CYCLOCROSS COLLECTIVE CUP (2),14/9/21,338
USA,C2,http://www.cxstats.com/charm-city-cross-2-resultats/ ,CHARM CITY CROSS (2),14/9/21,339
USA,C1,http://www.cxstats.com/trek-cxc-cup-1-resultats/ ,TREK CYCLOCROSS COLLECTIVE CUP (1),14/9/20,340
USA,C2,http://www.cxstats.com/charm-city-cross-1-resultats/ ,CHARM CITY CROSS (1),14/9/20,341
USA,C1,http://www.cxstats.com/boulder-cup-resultats/ ,BOULDER CUP,14/9/14,342
SUI,C1,http://www.cxstats.com/ekz-cross-tour-1-baden-sui-resultats/,EKZ CROSS TOUR #1 - BADEN,14/9/14,343
USA,C2,http://www.cxstats.com/us-open-of-cyclocross-resultats/,US OPEN OF CYCLOCROSS,14/9/13,344
USA,C1,http://www.cxstats.com/crossvegas-2014-resultats/,CLIF BAR CROSSVEGAS,14/9/10,345
USA,C2,http://www.cxstats.com/nittany-lion-cross-2-resultats/,NITTANY LION CROSS (2),14/9/07,346
USA,C2,http://www.cxstats.com/nittany-lion-cross-1-resultats/,NITTANY LION CROSS (1),14/9/06,347
CHN,C1,http://www.cxstats.com/qiansen-trophy-resultats/,QIANSEN TROPHY,14/8/30,348
AUS,CN,http://www.cxstats.com/2014/08/02/australian-national-championships-resultats/,CHAMPIONNATS D'AUSTRALIE,14/8/02,349
BEL,C1,http://www.cxstats.com/2014/02/23/bpost-bank-trofee-8-oostmalle-bel/,BPOST BANK TROFEE #8 - OOSTMALLE,14/2/23,350
NED,C1,http://www.cxstats.com/2014/02/17/internationale-cyclocross-heerlen-ned/,INTERNATIONALE CYCLOCROSS HEERLEN,14/2/16,351
BEL,C2,http://www.cxstats.com/2014/02/16/gp-stad-eeklo-bel/,GP STAD EEKLO,14/2/16,352
BEL,C1,http://www.cxstats.com/2014/02/15/superprestige-8-middelkerke/,SUPERPRESTIGE #8 - MIDDELKERKE,14/2/15,353
BEL,C1,http://www.cxstats.com/2014/02/09/superprestige-7-hoogstraten-bel/,SUPERPRESTIGE #7 - HOOGSTRATEN,14/2/09,354
BEL,C1,http://www.cxstats.com/2014/02/08/bpost-bank-trofee-7-lille-bel/,BPOST BANK TROFEE #7 - LILLE,14/2/08,355
BEL,C2,http://www.cxstats.com/2014/02/05/parkcross-maldegem-bel/,PARKCROSS MALDEGEM,14/2/05,356
NED,CM,http://www.cxstats.com/2014/02/02/championnats-du-monde-elite-hommes-hoogerheide-ned/,CHAMPIONNATS DU MONDE ELITE HOMMES,14/2/02,357
NED,CM,http://www.cxstats.com/2014/02/02/championnats-du-monde-espoirs-u23-hoogerheide-ned/,CHAMPIONNATS DU MONDE ESPOIRS (U23),14/2/02,358
NED,CM,http://www.cxstats.com/2014/02/01/championnats-du-monde-dames-hoogerheide-ned/,CHAMPIONNATS DU MONDE ELITE FEMMES,14/2/01,359
NED,CM,http://www.cxstats.com/2014/02/01/championnats-du-monde-juniors-hoogerheide-ned/,CHAMPIONNATS DU MONDE JUNIORS (U19),14/2/01,360
FRA,CDM,http://www.cxstats.com/2014/01/26/coupe-du-monde-7-nommay/,COUPE DU MONDE #7 - NOMMAY,14/1/26,361
ESP,C2,http://www.cxstats.com/2014/01/26/xxv-ispasterko-udala-sari-nagusia/,XXV. ISPASTERKO UDAL SARI NAGUSIA,14/1/26,362
BEL,C1,http://www.cxstats.com/2014/01/19/soudal-cyclocross-leuven-bel/,SOUDAL CYCLOCROSS LEUVEN,14/1/19,363
LUX,C2,http://www.cxstats.com/2014/01/19/grand-prix-mobel-alvisse-leudelange/,GRAND PRIX MÖBEL ALVISSE - LEUDELANGE,14/1/19,364
FRA,C2,http://www.cxstats.com/2014/01/19/cyclo-cross-international-lanarvily/,CYCLO-CROSS INTERNATIONAL DE LANARVILY,14/1/19,365
BEL,C2,http://www.cxstats.com/2014/01/18/kasteelcross-zonnebeke/,KASTEELCROSS ZONNEBEKE,14/1/18,366
NED,C2,http://www.cxstats.com/2014/01/18/internationale-cyclo-cross-rucphen-ned/,INTERNATIONALE CYCLO-CROSS RUCPHEN,14/1/18,367
BEL,C2,http://www.cxstats.com/2014/01/13/cyclocross-otegem-bel/,CYCLOCROSS OTEGEM,14/1/13,368
BEL,CN,http://www.cxstats.com/2014/01/12/championnats-de-belgique/,CHAMPIONNATS DE BELGIQUE,14/1/12,369
NED,CN,http://www.cxstats.com/2014/01/12/championnats-des-pays-bas-ned/,CHAMPIONNATS DES PAYS-BAS,14/1/12,370
FRA,CN,http://www.cxstats.com/2014/01/12/championnats-de-france/,CHAMPIONNATS DE FRANCE,14/1/12,371
SUI,CN,http://www.cxstats.com/2014/01/12/championnats-suisse/,CHAMPIONNATS DE SUISSE,14/1/12,372
GER,CN,http://www.cxstats.com/2014/01/12/championnats-allemagne/,CHAMPIONNATS D'ALLEMAGNE,14/1/12,373
GBR,CN,http://www.cxstats.com/2014/01/12/british-national-championships-gbr/,CHAMPIONNATS DE GRANDE-BRETAGNE,14/1/12,374
ESP,CN,http://www.cxstats.com/?p=7591,CHAMPIONNATS D'ESPAGNE,14/1/12,375
AUT,CN,http://www.cxstats.com/2014/01/12/championnats-autriche/,CHAMPIONNATS D'AUTRICHE,14/1/12,376
CRO,CN,http://www.cxstats.com/2014/01/12/championnats-croatie/,CHAMPIONNATS DE CROATIE,14/1/12,377
DEN,CN,http://www.cxstats.com/2014/01/12/championnats-danemark/,CHAMPIONNATS DU DANEMARK,14/1/12,378
USA,CN,http://www.cxstats.com/2014/01/12/usa-national-championships/,CHAMPIONNATS DES ETATS-UNIS,14/1/12,379
HUN,CN,http://www.cxstats.com/2014/01/12/championnats-hongrie/,CHAMPIONNATS DE HONGRIE,14/1/12,380
IRL,CN,http://www.cxstats.com/2014/01/12/championnats-irlande/,CHAMPIONNATS D'IRLANDE,14/1/12,381
ITA,CN,http://www.cxstats.com/2014/01/12/championnats-italie/,CHAMPIONNATS D'ITALIE,14/1/12,382
LUX,CN,http://www.cxstats.com/2014/01/12/championnats-du-luxembourg/,CHAMPIONNATS DU LUXEMBOURG,14/1/12,383
POL,CN,http://www.cxstats.com/2014/01/12/championnats-de-pologne/,CHAMPIONNATS DE POLOGNE,14/1/12,384
CZE,CN,http://www.cxstats.com/2014/01/11/championnats-de-republique-tcheque-cze/,CHAMPIONNATS DE RÉPUBLIQUE TCHÈQUE,14/1/11,385
ITA,CDM,http://www.cxstats.com/2014/01/05/coupe-du-monde-6-rome-ita/,COUPE DU MONDE #6 - ROME,14/1/05,386
USA,C2,http://www.cxstats.com/2014/01/06/kingsport-cyclo-cross-cup-usa/,KINGSPORT CYCLO-CROSS CUP,14/1/05,387
GBR,C2,http://www.cxstats.com/2014/01/05/national-trophy-series-6-shrewsbury-gbr/,NATIONAL TROPHY SERIES #6 - SHREWSBURY,14/1/05,388
NED,C2,http://www.cxstats.com/2014/01/02/centrumcross-surhuisterveen-ned/,CENTRUMCROSS - SURHUISTERVEEN,14/1/02,389
BEL,C1,http://www.cxstats.com/2014/01/01/bpost-bank-trofee-6-baal-bel/,BPOST BANK TROFEE #6 - GP SVEN NYS (BAAL),14/1/01,390
LUX,C2,http://www.cxstats.com/2014/01/01/grand-prix-hotel-threeland-petange-lux/,GRAND PRIX HÔTEL THREELAND - PÉTANGE,14/1/01,391
BEL,C1,http://www.cxstats.com/2013/12/29/superprestige-6-diegem-bel/,SUPERPRESTIGE #6 - DIEGEM,13/12/29,392
FRA,C2,http://www.cxstats.com/2013/12/29/challenge-national-3-flamanville-fra/,CHALLENGE NATIONAL #3 - FLAMANVILLE,13/12/29,393
BEL,C2,http://www.cxstats.com/2013/12/28/versluys-cyclocross-bredene-bel/,VERSLUYS CYCLOCROSS BREDENE,13/12/28,394
BEL,C1,http://www.cxstats.com/2013/12/27/bpost-bank-trofee-5-loenhout-bel/,BPOST BANK TROFEE #5 - LOENHOUT,13/12/27,395
BEL,CDM,http://www.cxstats.com/2013/12/26/coupe-du-monde-5-heusde-zolder-bel/,COUPE DU MONDE #5 - HEUSDEN-ZOLDER,13/12/26,396
SUI,C2,http://www.cxstats.com/2013/12/26/internationales-radquer-dagmersellen-sui/,INTERNATIONALES RADQUER DAGMERSELLEN,13/12/26,397
LUX,C2,http://www.cxstats.com/2013/12/26/grand-prix-geba-differdange-lux/,GRAND PRIX GEBA – DIFFERDANGE,13/12/26,398
BEL,CDM,http://www.cxstats.com/2013/12/22/coupe-du-monde-4-namur-bel/,COUPE DU MONDE #4 - NAMUR,13/12/22,399
BEL,C1,http://www.cxstats.com/2013/12/21/bpost-bank-trofee-4-essen-bel/,BPOST BANK TROFEE #4 - ESSEN,13/12/21,400
BEL,C2,http://www.cxstats.com/2013/12/18/gp-de-ster-sint-niklaas-bel/,CYCLOCROSS VAN HET WAASLAND - GP DE STER,13/12/18,401
BEL,C1,http://www.cxstats.com/2013/12/15/vlaamse-industrieprijs-bosduin-bel/,VLAAMSE INDUSTRIEPRIJS BOSDUIN,13/12/15,402
SVK,CN,http://www.cxstats.com/2013/12/15/championnats-de-slovaquie/,CHAMPIONNATS DE SLOVAQUIE,13/12/15,403
USA,C2,http://www.cxstats.com/2013/12/15/north-carolina-grand-prix-day-2-usa/,NORTH CAROLINA GRAND PRIX (2),13/12/15,404
GBR,C2,http://www.cxstats.com/2013/12/15/national-trophy-series-5-bradford-gbr/,NATIONAL TROPHY SERIES #5 - BRADFORD,13/12/15,405
ESP,C2,http://www.cxstats.com/2013/12/15/ciclo-cross-internacional-ciudad-de-valencia-esp/,CICLO-CROSS CIUDAD DE VALENCIA,13/12/15,406
USA,C2,http://www.cxstats.com/2013/12/14/north-carolina-grand-prix-day-1-usa/,NORTH CAROLINA GRAND PRIX (1),13/12/14,407
CZE,CN,http://www.cxstats.com/2013/12/14/championnats-de-republique-tcheque/,CHAMPIONNATS DE REPUBLIQUE TCHEQUE,13/12/14,408
CZE,C2,http://www.cxstats.com/2013/12/14/toi-toi-cup-7-slany-cze/,TOI TOI CUP #7 - SLANY,13/12/14,409
BEL,C1,http://www.cxstats.com/2013/12/08/druivencross-overijse-bel/,VLAAMSE DRUIVENCROSS OVERIJSE,13/12/08,410
USA,C2,http://www.cxstats.com/2013/12/08/nbx-gran-prix-of-cross-day-2-usa/,NBX GRAN PRIX OF CROSS (2),13/12/08,411
ITA,C2,http://www.cxstats.com/2013/12/08/ciclocross-del-ponte-ita/,CICLOCROSS DEL PONTE,13/12/08,412
ESP,C2,http://www.cxstats.com/2013/12/08/ziklo-cross-igorre-esp/,37e ZIKLO CROSS IGORRE,13/12/08,413
JPN,CN,http://www.cxstats.com/2013/12/08/championnats-du-japon/,CHAMPIONNATS DU JAPON,13/12/08,414
BEL,C1,http://www.cxstats.com/2013/12/07/soudal-scheldecross-antwerpen-bel/,SOUDAL SCHELDECROSS ANTWERPEN,13/12/07,415
USA,C1,http://www.cxstats.com/2013/12/07/deschutes-brewery-cup-usa/,DESCHUTES BREWERY CUP,13/12/07,416
USA,C2,http://www.cxstats.com/2013/12/07/nbx-gran-prix-of-cross-day-1-usa/,NBX GRAN PRIX OF CROSS (1),13/12/07,417
CZE,C2,http://www.cxstats.com/2013/12/07/toi-toi-cup-6-kolin-cze/,TOI TOI CUP #6 – KOLIN,13/12/07,418
USA,C2,http://www.cxstats.com/2013/12/01/cxla-weekend-2/,CXLA WEEKEND (2),13/12/01,419
USA,C2,http://www.cxstats.com/2013/12/01/baystate-cyclo-cross-jour-2-usa/,BAYSTATE CYCLO-CROSS (2),13/12/01,420
SUI,C2,http://www.cxstats.com/2013/12/01/cyclo-cross-international-de-sion-valais-sui/,CYCLO-CROSS INTERNATIONAL DE SION-VALAIS,13/12/01,421
AUT,C2,http://www.cxstats.com/2013/12/01/tage-des-querfeldeinsports-aut/,TAGE DES QUERFELDEINSPORTS,13/12/01,422
CAN,C2,http://www.cxstats.com/2013/12/01/bc-grand-prix-of-cyclocross-can/,BC GRAND PRIX OF CYCLOCROSS,13/12/01,423
GBR,C2,http://www.cxstats.com/2013/12/01/national-trophy-series-4-milton-keynes-gbr/,NATIONAL TROPHY SERIES #4 – MILTON KEYNES,13/12/01,424
POL,C2,http://www.cxstats.com/2013/12/01/bryksy-cross-gosciecin-pol/,BRYKSY CROSS GOSCIECIN,13/12/01,425
CAN,CN,http://www.cxstats.com/2013/11/30/championnats-du-canada/,CHAMPIONNATS DU CANADA,13/11/30,426
USA,C2,http://www.cxstats.com/2013/11/30/cxla-weekend-1-cross-after-dark-4-usa/,CXLA WEEKEND (1) – CROSS AFTER DARK #4,13/11/30,427
USA,C2,http://www.cxstats.com/2013/11/30/baystate-cyclo-cross-jour-1-usa/,BAYSTATE CYCLO-CROSS (1),13/11/30,428
NED,C1,http://www.cxstats.com/2013/11/24/superprestige-5-gieten-ned/,SUPERPRESTIGE #5 - GIETEN,13/11/24,429
SUI,C1,http://www.cxstats.com/2013/11/24/internationales-radquer-hittnau-sui/,INTERNATIONALES RADQUER HITTNAU,13/11/24,430
USA,C2,http://www.cxstats.com/2013/11/24/super-cross-cup-jour-2-usa/,SUPER CROSS CUP (2),13/11/24,431
JPN,C2,http://www.cxstats.com/2013/11/24/kansai-cyclo-cross-yasu-round-jpn/,KANSAI CYCLO-CROSS YASU ROUND,13/11/24,432
BEL,CDM,http://www.cxstats.com/2013/11/23/coupe-du-monde-3-koksijde-bel/,COUPE DU MONDE #3 - KOKSIJDE,13/11/23,433
USA,C2,http://www.cxstats.com/2013/11/23/super-cross-cup-jour-1-usa/,SUPER CROSS CUP (1),13/11/23,434
BEL,C1,http://www.cxstats.com/2013/11/17/superprestige-4-gavere-bel/,SUPERPRESTIGE #4 - ASPER-GAVERE,13/11/17,435
USA,C1,http://www.cxstats.com/2013/11/17/jingle-cross-rock-jour-3-usa/,JINGLE CROS ROCK (3),13/11/17,436
FRA,C2,http://www.cxstats.com/2013/11/17/challenge-national-2-quelneuc-fra/,CHALLENGE NATIONAL #2,13/11/17,437
SUI,C2,http://www.cxstats.com/2013/11/17/fluckiger-cross-madiswil-sui/,FLÜCKIGER CROSS,13/11/17,438
GBR,C2,http://www.cxstats.com/2013/11/17/national-trophy-series-3-durham-gbr/,NATIONAL TROPHY SERIES #3 – DURHAM,13/11/17,439
JPN,C2,http://www.cxstats.com/2013/11/17/shinshu-cyclocross-nobeyama-kogen-jour-2-jpn/,SHINSHU CYCLOCROSS NOBEYAMA KOGEN (2),13/11/17,440
BEL,C1,http://www.cxstats.com/2013/11/16/bpost-bank-trofee-3-hasselt-bel/,BPOST BANK TROFEE #3 - GP HASSELT,13/11/16,441
USA,C2,http://www.cxstats.com/2013/11/16/jingle-cross-rock-jour-2-usa/,JINGLE CROSS ROCK (2),13/11/16,442
SWE,CN,http://www.cxstats.com/2013/11/16/championnats-de-suede/,CHAMPIONNATS DE SUEDE,13/11/16,443
CZE,C2,http://www.cxstats.com/2013/11/16/toi-toi-cup-5-hole-vrchy-cze/,TOI TOI CUP #5 – HOLE VRCHY,13/11/16,444
JPN,C2,http://www.cxstats.com/2013/11/16/shinshu-cyclocross-nobeyama-kogen-jpn/,SHINSHU CYCLOCROSS NOBEYAMA KOGEN (1),13/11/16,445
USA,C2,http://www.cxstats.com/2013/11/16/jingle-cross-rock-jour-1-usa/,JINGLE CROSS ROCK (1),13/11/15,446
BEL,C2,http://www.cxstats.com/2013/11/11/soudal-jaarmarktcross-niel-bel/,SOUDAL JAARMARKTCROSS NIEL,13/11/11,447
BEL,C1,http://www.cxstats.com/2013/11/10/4126/,SUPERPRESTIGE #3 - HAMME-ZOGGE,13/11/10,448
GER,C1,http://www.cxstats.com/2013/11/10/ggew-city-cross-cup-lorsch-ger/,GGEW CITY CROSS CUP,13/11/10,449
USA,C2,http://www.cxstats.com/2013/11/10/mudfund-derby-city-cup-jour-2-usa/,MUDFUND DERBY CITY CUP (2),13/11/10,450
USA,C2,http://www.cxstats.com/2013/11/10/hpcx-usa/,HPCX,13/11/10,451
SVK,C2,http://www.cxstats.com/2013/11/10/cyclo-cross-international-podbrezova-svk/,CYCLO-CROSS INTERNATIONAL PODBREZOVA,13/11/10,452
SUI,C2,http://www.cxstats.com/2013/11/10/cyclocross-international-rennaz-sui/,CYCLOCROSS INTERNATIONAL RENNAZ,13/11/10,453
USA,C1,http://www.cxstats.com/2013/11/10/mudfund-derby-city-cup-jour-1-usa/,MUDFUND DERBY CITY CUP (1),13/11/09,454
GER,C2,http://www.cxstats.com/2013/11/09/internationales-cyclo-cross-wiesbaden-ger/,INTERNATIONALES CYCLO-CROSS WIESBADEN,13/11/09,455
CZE,C2,http://www.cxstats.com/2013/11/09/toi-toi-cup-4-hlinsko-cze/,TOI TOI CUP #4 – HLINSKO,13/11/09,456
CZE,CC,http://www.cxstats.com/?p=3849,EUROPEAN CYCLO-CROSS CHAMPIONSHIPS,13/11/03,457
BEL,C1,http://www.cxstats.com/?p=3828,SUPERPRESTIGE #2 – ZONHOVEN,13/11/03,458
USA,C2,http://www.cxstats.com/?p=3892,CINCY3 HARBIN PARK,13/11/03,459
USA,C2,http://www.cxstats.com/?p=3888,THE CYCLE-SMART-INTERNATIONAL (2),13/11/03,460
GBR,C2,http://www.cxstats.com/?p=3890,NATIONAL TROPHY SERIES #2 – SOUTHAMPTON,13/11/03,461
AUT,C2,http://www.cxstats.com/?p=3871,INT. RADQUERFELDEIN GP LAMBACH,13/11/03,462
USA,C1,http://www.cxstats.com/?p=3810,CINCY3 LIONHEARTS – CROSS AFTER DARK #3,13/11/02,463
USA,C2,http://www.cxstats.com/?p=3812,THE CYCLE-SMART-INTERNATIONAL (1),13/11/02,464
BEL,C1,http://www.cxstats.com/?p=3720,BPOST BANK TROFEE #2 - KOPPENBERGCROSS,13/11/01,465
USA,C2,http://www.cxstats.com/?p=3755,CINCY3 DARKHORSE CYCLO-STAMPEDE,13/11/01,466
FRA,C2,http://www.cxstats.com/?p=3739,CYCLO-CROSS INTERNATIONAL DE MARLE,13/11/01,467
BEL,C1,http://www.cxstats.com/?p=3284,SUPERPRESTIGE #1 - RUDDERVOORDE,13/10/27,468
USA,C2,http://www.cxstats.com/?p=3326,GATEWAY CROSS CUP (2),13/10/27,469
LUX,C2,http://www.cxstats.com/?p=3287,GRAND PRIX DE LA COMMUNE DE CONTERN,13/10/27,470
SUI,C2,http://www.cxstats.com/?p=3291,52. INTERNATIONALES RADQUER STEINMAUR,13/10/27,471
ESP,C2,http://www.cxstats.com/?p=3295,XXI CYCLO-CROSS DE KARRANTZA,13/10/27,472
CZE,CDM,http://www.cxstats.com/?p=3176,COUPE DU MONDE #2 - TABOR,13/10/26,473
USA,C2,http://www.cxstats.com/?p=3313,GATEWAY CROSS CUP (1),13/10/26,474
NED,C2,http://www.cxstats.com/?p=3096,NACHT VAN WOERDEN,13/10/22,475
NED,CDM,http://www.cxstats.com/?p=3032,COUPE DU MONDE #1 - VALKENBURG,13/10/20,476
USA,C2,http://www.cxstats.com/?p=3069,ELLISON PARK CYCLOCROSS (2),13/10/20,477
FIN,CN,http://www.cxstats.com/?p=3060,CHAMPIONNATS DE FINLANDE,13/10/20,478
USA,C2,http://www.cxstats.com/?p=3076,ELLISON PARK CYCLOCROSS (1),13/10/19,479
BEL,C2,http://www.cxstats.com/?p=2976,KERMISCROSS,13/10/17,480
USA,C2,http://www.cxstats.com/?p=2799,BOULDER CUP,13/10/13,481
BEL,C1,http://www.cxstats.com/?p=2746,BPOST BANK TROFEE #1 - RONSE,13/10/13,482
FRA,C2,http://www.cxstats.com/?p=2824,CHALLENGE NATIONAL #1,13/10/13,483
GBR,C2,http://www.cxstats.com/?p=2792,NATIONAL TROPHY SERIES #1 - ABERGAVENNY,13/10/13,484
SUI,C2,http://www.cxstats.com/?p=2770,GP-5-STERNE-REGION,13/10/13,485
USA,C2,http://www.cxstats.com/?p=2736,"COLORADO CROSS CLASSIC - BOULDER, CO",13/10/12,486
NED,C2,http://www.cxstats.com/?p=2734,GROTE PRIJSE VAN BRABANT,13/10/12,487
BEL,C2,http://www.cxstats.com/?p=2730,GRAND PRIX DE LA REGION WALLONNE,13/10/12,488
CZE,C2,http://www.cxstats.com/?p=2650,TOI TOI CUP #3 - MILOVICE,13/10/12,489
USA,C2,http://www.cxstats.com/?p=2570,PROVIDENCE CYCLOCROSS FESTIVAL (2),13/10/06,490
SVK,C1,http://www.cxstats.com/?p=2554,INTERNATIONAL CX FINANCNE CENTRUM,13/10/06,491
SUI,C2,http://www.cxstats.com/?p=2551,CROSSQUER DIELSDORF,13/10/06,492
USA,C1,http://www.cxstats.com/?p=2518,PROVIDENCE CYCLOCROSS FESTIVAL (1),13/10/05,493
SVK,C2,http://www.cxstats.com/?p=2503,INTERNATIONAL CX MARIKOVSKA DOLINA,13/10/05,494
CZE,C2,http://www.cxstats.com/?p=2482,TOI TOI CUP #2 - KUTNA HORA,13/10/05,495
USA,C2,http://www.cxstats.com/?p=2114,GRAN PRIX OF GLOUCESTER (2),13/9/29,496
USA,C2,http://www.cxstats.com/?p=2097,GRAN PRIX OF GLOUCESTER (1),13/9/28,497
CZE,C2,http://www.cxstats.com/?p=2068,TOI TOI CUP #1 - UNICOV,13/9/28,498
BEL,C2,http://www.cxstats.com/?p=2060,SOUDAL GP NEERPELT,13/9/28,499
USA,C2,http://www.cxstats.com/?p=1845 ,TREK CYCLO-CROSS COLLECTIVE CUP (2),13/9/22,500
USA,C2,http://www.cxstats.com/?p=1838 ,CHARM CITY CROSS (2),13/9/22,501
USA,C2,http://www.cxstats.com/?p=1831 ,CHARM CITY CROSS (1),13/9/21,502
USA,C2,http://www.cxstats.com/?p=1822,TREK CYCLO-CROSS COLLECTIVE CUP (1),13/9/21,503
CHN,C2,http://www.cxstats.com/?p=1815 ,CHINA INTERNATIONAL CYCLO-CROSS,13/9/21,504
USA,C1,http://www.cxstats.com/?p=1808,CROSSVEGAS - CROSS AFTER DARK #1,13/9/18,505
USA,C2,http://www.cxstats.com/?p=1801 ,CATAMOUNT GRAND PRIX (2),13/9/15,506
BEL,C2,http://www.cxstats.com/?p=1793,STEENBERGCROSS,13/9/15,507
SUI,C1,http://www.cxstats.com/?p=1697,SÜPERCROSS BADEN,13/9/15,508
USA,C2,http://www.cxstats.com/?p=1787,CATAMOUNT GRAND PRIX (1),13/9/14,509
USA,C2,http://www.cxstats.com/?p=1780,STARCROSSED,13/9/14,510
USA,C2,http://www.cxstats.com/?p=1771,NITTANY LION CROSS (2),13/9/08,511
USA,C2,http://www.cxstats.com/?p=1764,NITTANY LION CROSS (1),13/9/07,512
NZL,CN,http://www.cxstats.com/?p=1761 ,CHAMPIONNATS DE NOUVELLE-ZELANDE,13/8/24,513
AUS,CN,http://www.cxstats.com/?p=1754,CHAMPIONNATS D'AUSTRALIE,13/8/10,514